,,,,
Cat #,AOF132,,,
Artist:,Dead When I Found Her,,,
Title:,Rag Doll Blues,,,
Release Date:,10/9/12,,,
Currency:,USD,,,
,,,,
,Units,Rate,,
AOF132,242.00,"1,857.11",,
AOF132D,9.00,80.69,,
AOF132L,232.00,"4,091.54",,
AOF133D,8.00,71.84,,
Subtotal,,"6,101.18",,
,,,,
95% processing charges,,5796.12,,
DD Sales (2012),,1323.98,,
DD Sales (2013.1),,933.47,,
,,,,
,,,,
,SUBTOTAL,8053.56,,
,,,,
,,,,
Expenses to date,,,,
Manufacturing,,"1,541.50",,
Barcode,,10.00,,
Bonus disc reprint,,316,,
Servicing,,89,,
Advertising,,200,,
Misc.,,25,,
,SUBTOTAL,"-2,181.50",,
,,,,
,,,,
,TOTAL,"$5,872.06",,
,50%,"$2,936.03",,


Cat #,AOF132,,,,,
Artist:,Dead When I Found Her,,,,,
Title:,Rag Doll Blues,,,,,
Release Date:,10/9/12,,,,,
Currency:,USD,,,,,
,,,,,,
,Units-Total,Rate-Total,Units-Prev.,Rate-Prev,New period Units,New period Rate
AOF132,334.00,"2,407.39",242.00,"1,857.11",92.00000,550.28
AOF132D,10.00,89.67,9.00,80.69,1.00000,8.98
AOF132L,242.00,"4,255.44",232.00,"4,091.54",10.00000,163.90
AOF133D,10.00,89.80,8.00,71.84,2.00000,17.96
,,"6,842.30",,"6,101.18",,741.12
,,,,,,
,,,,95% processing charges,,704.06
,,,,,,
,,,,30% return reserve to be paid back next period,,211.22
,,,,Prev. Period reserve payback,,0.00
,,,,Subtotal,,492.84
,,,,Digital,,556.53
,,,,,,
,,,,,SUBTOTAL,1049.37
,,,,,50% royalty,524.69


Cat #,AOF132,,,,,
Artist:,Dead When I Found Her,,,,,
Title:,Rag Doll Blues,,,,,
Release Date:,10/9/12,,,,,
Currency:,USD,,,,,
,,,,,,
,Units-Total,Rate-Total,Units-Prev.,Rate-Prev,New period Units,New period Rate
AOF132,15,102.31,---,---,15,102.31
AOF132L,4,70.51,---,---,4,70.51
,,,,,,172.82
,,,,,,
,,,,,95% processing charges,164.179
,,,,,,
,,,,,30% return reserve to be paid back next period,49.2537
,,,,,Prev. Period reserve payback,211.22
,,,,,Subtotal,326.14
,,,,,Digital,403.26
,,,,,,
,,,,,SUBTOTAL,729.40
,,,,,50% royalty,364.70


Cat #,AOF132,,,
Artist:,Dead When I Found Her,,,
Title:,Rag Doll Blues,,,
Release Date:,10/9/12,,,
Currency:,USD,,,
,,,,
,Units-Total,Rate-Total,,
AOF132,-3,-2.09,,
AOF132L,6,121.61,,
,,,,
,Subtotal,119.52,,
,95% processing charges,113.544,,
,,,,
,Conversion to USD,90.8352,,
,Reserve payback (converted to USD),39.4,,
,,,,
,Total,130.2352,,
,DIGITAL,393.07,,
,,,,
,SUBTOTAL,523.3052,,
,50% PROFIT,261.6526,,


Cat #,AOF132,,,
Artist:,Dead When I Found Her,,,
Title:,Rag Doll Blues,,,
Release Date:,10/9/12,,,
Currency:,USD,,,
,,,,
,Units-Total,Rate-Total,,
AOF132,18,124.82,,
AOF132L,0,0,,
,Subtotal,124.82,,
,95% processing charges,118.58,,
,,,,
,,,,
,Conversion to USD,95.05,,
,30% Reserve,28.52,,
,Balance forward,66.54,,
,,,,
,DIGITAL,191.84,,
,Bandcamp,38.39,,
,,,,
,SUBTOTAL,296.77,,
,50% PROFIT,148.38,Paid PP-USDVisa 11/4/15,


Cat #,AOF132,,,,,,,,,,,,,,,,,,,,,,,,
Artist:,Dead When I Found Her,,,,,,,,,,,,,,,,,,,,,,,,
Title:,Rag Doll Blues,,,,,,,,,,,,,,,,,,,,,,,,
Release Date:,10/9/12,,,,,,,,,,,,,,,,,,,,,,,,
Currency:,USD,,,,,,,,,,,,,,,,,,,,,,,,
,,,,,,,,,,,,,,,,,,,,,,,,,
,Units-Total,Rate-Total,,,,,,,,,,,,,,,,,,,,,,,
AOF132,42,390.7,,,,,,,,,,,,,,,,,,,,,,,
AOF132L,0,0,,,,,,,,,,,,,,,,,,,,,,,
,Subtotal,390.7,,,,,,,,,,,,,,,,,,,,,,,
,95% processing charges,371.17,,,,,,,,,,,,,,,,,,,,,,,
,,,,,,,,,,,,,,,,,,,,,,,,,
,,,,,,,,,,,,,,,,,,,,,,,,,
,Conversion to USD,267.00,,,,,,,,,,,,,,,,,,,,,,,
,30% Reserve,80.10,,,,,,,,,,,,,,,,,,,,,,,
,Balance forward,186.90,,,,,,,,,,,,,,,,,,,,,,,
,,,,,,,,,,,,,,,,,,,,,,,,,
,Prev. Reserve,28.52,,,,,,,,,,,,,,,,,,,,,,,
,,,,,,,,,,,,,,,,,,,,,,,,,
,DIGITAL,295.66,,,,,,,,,,,,,,,,,,,,,,,
,Bandcamp,71.07,,,,,,,,,,,,,,,,,,,,,,,
,,,,,,,,,,,,,,,,,,,,,,,,,
,SUBTOTAL,582.15,,,,,,,,,,,,,,,,,,,,,,,
,50% PROFIT,291.08,,,,,,,,,,,,,,,,,,,,,,,
,,,,,,,,,,,,,,,,,,,,,,,,,
,Stitches & Coverups Digital:,99.1,,,,,,,,,,,,,,,,,,,,,,,
,Stitches & Coverups Bandcamp:,76.09,,,,,,,,,,,,,,,,,,,,,,,
,TOTAL @ 50%,87.595,,,,,,,,,,,,,,,,,,,,,,,
,,,,,,,,,,,,,,,,,,,,,,,,,
,GRAND TOTAL,378.67,,,,,,,,,,,,,,,,,,,,,,,


Cat #,AOF132,,,,,,,,,,,,,,,,,,,,,,,,
Artist:,Dead When I Found Her,,,,,,,,,,,,,,,,,,,,,,,,
Title:,Rag Doll Blues,,,,,,,,,,,,,,,,,,,,,,,,
Release Date:,10/9/12,,,,,,,,,,,,,,,,,,,,,,,,
Currency:,USD,,,,,,,,,,,,,,,,,,,,,,,,
,,,,,,,,,,,,,,,,,,,,,,,,,
,Units-Total,Rate-Total,,,,,,,,,,,,,,,,,,,,,,,
AOF132,53,472.59,,,,,,,,,,,,,,,,,,,,,,,
AOF132L,0,0,,,,,,,,,,,,,,,,,,,,,,,
,Subtotal,472.59,,,,,,,,,,,,,,,,,,,,,,,
,95% processing charges,448.96,,,,,,,,,,,,,,,,,,,,,,,
,,,,,,,,,,,,,,,,,,,,,,,,,
,,,,,,,,,,,,,,,,,,,,,,,,,
,Conversion to USD,357.64,,,,,,,,,,,,,,,,,,,,,,,
,30% Reserve,107.29,,,,,,,,,,,,,,,,,,,,,,,
,Balance forward,250.35,,,,,,,,,,,,,,,,,,,,,,,
,,,,,,,,,,,,,,,,,,,,,,,,,
,Prev. Reserve,80.10,,,,,,,,,,,,,,,,,,,,,,,
,,,,,,,,,,,,,,,,,,,,,,,,,
,DIGITAL,334.74,,,,,,,,,,,,,,,,,,,,,,,
,Bandcamp: moved to ATWD statement,0.00,,,,,,,,,,,,,,,,,,,,,,,
,,,,,,,,,,,,,,,,,,,,,,,,,
,SUBTOTAL,665.19,,,,,,,,,,,,,,,,,,,,,,,
,50% PROFIT,332.59,,,,,,,,,,,,,,,,,,,,,,,
,,,,,,,,,,,,,,,,,,,,,,,,,
,Stitches & Coverups Digital:,99.49,,,,,,,,,,,,,,,,,,,,,,,
,Stitches & Coverups Bandcamp:,0,,,,,,,,,,,,,,,,,,,,,,,
,TOTAL @ 50%,49.745,,,,,,,,,,,,,,,,,,,,,,,
,,,,,,,,,,,,,,,,,,,,,,,,,
,GRAND TOTAL,382.34,,,,,,,,,,,,,,,,,,,,,,,


Cat #,AOF132,,,,,,,,,,,,,,,,,,,,,,,,
Artist:,Dead When I Found Her,,,,,,,,,,,,,,,,,,,,,,,,
Title:,Rag Doll Blues,,,,,,,,,,,,,,,,,,,,,,,,
Release Date:,10/9/12,,,,,,,,,,,,,,,,,,,,,,,,
Currency:,USD,,,,,,,,,,,,,,,,,,,,,,,,
,,,,,,,,,,,,,,,,,,,,,,,,,
,Units-Total,Rate-Total,,,,,,,,,,,,,,,,,,,,,,,
AOF132,48,472.59,,,,,,,,,,,,,,,,,,,,,,,
AOF132L,17,394.12,,,,,,,,,,,,,,,,,,,,,,,
,Subtotal,866.71,,,,,,,,,,,,,,,,,,,,,,,
,95% processing charges,823.37,,,,,,,,,,,,,,,,,,,,,,,
,,,,,,,,,,,,,,,,,,,,,,,,,
,,,,,,,,,,,,,,,,,,,,,,,,,
,Conversion to USD,612.45,,,,,,,,,,,,,,,,,,,,,,,
,30% Reserve,183.73,,,,,,,,,,,,,,,,,,,,,,,
,Balance forward,428.71,,,,,,,,,,,,,,,,,,,,,,,
,,,,,,,,,,,,,,,,,,,,,,,,,
,Prev. Reserve,107.29,,,,,,,,,,,,,,,,,,,,,,,
,,,,,,,,,,,,,,,,,,,,,,,,,
,DIGITAL,282.56,,,,,,,,,,,,,,,,,,,,,,,
,Bandcamp: moved to ATWD statement,0.00,,,,,,,,,,,,,,,,,,,,,,,
,,,,,,,,,,,,,,,,,,,,,,,,,
,SUBTOTAL,818.56,,,,,,,,,,,,,,,,,,,,,,,
,50% PROFIT,409.28,,,,,,,,,,,,,,,,,,,,,,,
,,,,,,,,,,,,,,,,,,,,,,,,,
,Stitches & Coverups Digital:,89.46,,,,,,,,,,,,,,,,,,,,,,,
,Stitches & Coverups Bandcamp:,0,,,,,,,,,,,,,,,,,,,,,,,
,TOTAL @ 50%,44.73,,,,,,,,,,,,,,,,,,,,,,,
,,,,,,,,,,,,,,,,,,,,,,,,,
,GRAND TOTAL,454.01,"paid PP 4/4/17, less HW balance",,,,,,,,,,,,,,,,,,,,,,


Cat #,AOF132,,,,,,,,,,,,,,,,,,,,,,,,
Artist:,Dead When I Found Her,,,,,,,,,,,,,,,,,,,,,,,,
Title:,Rag Doll Blues,,,,,,,,,,,,,,,,,,,,,,,,
Release Date:,10/9/12,,,,,,,,,,,,,,,,,,,,,,,,
Currency:,USD,,,,,,,,,,,,,,,,,,,,,,,,
,,,,,,,,,,,,,,,,,,,,,,,,,
,Units-Total,Rate-Total,,,,,,,,,,,,,,,,,,,,,,,
AOF132,46,354.74,,,,,,,,,,,,,,,,,,,,,,,
AOF132L,0,0,,,,,,,,,,,,,,,,,,,,,,,
,Subtotal,354.74,,,,,,,,,,,,,,,,,,,,,,,
,95% processing charges,337.00,,,,,,,,,,,,,,,,,,,,,,,
,,,,,,,,,,,,,,,,,,,,,,,,,
,,,,,,,,,,,,,,,,,,,,,,,,,
,Conversion to USD,259.23,,,,,,,,,,,,,,,,,,,,,,,
,30% Reserve,77.77,,,,,,,,,,,,,,,,,,,,,,,
,Balance forward,181.46,,,,,,,,,,,,,,,,,,,,,,,
,,,,,,,,,,,,,,,,,,,,,,,,,
,Prev. Reserve,183.73,,,,,,,,,,,,,,,,,,,,,,,
,,,,,,,,,,,,,,,,,,,,,,,,,
,DIGITAL,247.39,,,,,,,,,,,,,,,,,,,,,,,
,Bandcamp: moved to ATWD statement,0.00,,,,,,,,,,,,,,,,,,,,,,,
,,,,,,,,,,,,,,,,,,,,,,,,,
,SUBTOTAL,612.58,,,,,,,,,,,,,,,,,,,,,,,
,50% PROFIT,306.29,,,,,,,,,,,,,,,,,,,,,,,
,,,,,,,,,,,,,,,,,,,,,,,,,
,Stitches & Coverups Digital:,103.92,,,,,,,,,,,,,,,,,,,,,,,
,Stitches & Coverups Bandcamp:,0,,,,,,,,,,,,,,,,,,,,,,,
,TOTAL @ 50%,51.96,,,,,,,,,,,,,,,,,,,,,,,
,,,,,,,,,,,,,,,,,,,,,,,,,
,GRAND TOTAL,358.25,,,,,,,,,,,,,,,,,,,,,,,


Cat #,AOF132,,,,,,,,,,,,,,,,,,,,,,,,
Artist:,Dead When I Found Her,,,,,,,,,,,,,,,,,,,,,,,,
Title:,Rag Doll Blues,,,,,,,,,,,,,,,,,,,,,,,,
Release Date:,10/9/12,,,,,,,,,,,,,,,,,,,,,,,,
Currency:,USD,,,,,,,,,,,,,,,,,,,,,,,,
,,,,,,,,,,,,,,,,,,,,,,,,,
,Units-Total,Rate-Total,,,,,,,,,,,,,,,,,,,,,,,
AOF132,32,226.93,,,,,,,,,,,,,,,,,,,,,,,
AOF132L,0,0,,,,,,,,,,,,,,,,,,,,,,,
,Subtotal,226.93,,,,,,,,,,,,,,,,,,,,,,,
,95% processing charges,215.58,,,,,,,,,,,,,,,,,,,,,,,
,,,,,,,,,,,,,,,,,,,,,,,,,
,,,,,,,,,,,,,,,,,,,,,,,,,
,Conversion to USD,171.37,,,,,,,,,,,,,,,,,,,,,,,
,30% Reserve,51.41,,,,,,,,,,,,,,,,,,,,,,,
,Balance forward,119.96,,,,,,,,,,,,,,,,,,,,,,,
,,,,,,,,,,,,,,,,,,,,,,,,,
,Prev. Reserve,77.77,,,,,,,,,,,,,,,,,,,,,,,
,,,,,,,,,,,,,,,,,,,,,,,,,
,DIGITAL,219.62,,,,,,,,,,,,,,,,,,,,,,,
,Bandcamp: moved to ATWD statement,0.00,,,,,,,,,,,,,,,,,,,,,,,
,,,,,,,,,,,,,,,,,,,,,,,,,
,SUBTOTAL,417.35,,,,,,,,,,,,,,,,,,,,,,,
,50% PROFIT,208.67,,,,,,,,,,,,,,,,,,,,,,,
,,,,,,,,,,,,,,,,,,,,,,,,,
,Stitches & Coverups Digital:,59.67,,,,,,,,,,,,,,,,,,,,,,,
,Stitches & Coverups Bandcamp:,0,,,,,,,,,,,,,,,,,,,,,,,
,TOTAL @ 50%,29.835,,,,,,,,,,,,,,,,,,,,,,,
,,,,,,,,,,,,,,,,,,,,,,,,,
,GRAND TOTAL,238.51,,,,,,,,,,,,,,,,,,,,,,,


Cat #,AOF132,,,,,,,,,,,,,,,,,,,,,,,,
Artist:,Dead When I Found Her,,,,,,,,,,,,,,,,,,,,,,,,
Title:,Rag Doll Blues,,,,,,,,,,,,,,,,,,,,,,,,
Release Date:,10/9/12,,,,,,,,,,,,,,,,,,,,,,,,
Currency:,USD,,,,,,,,,,,,,,,,,,,,,,,,
,,,,,,,,,,,,,,,,,,,,,,,,,
,Units-Total,Rate-Total,,,,,,,,,,,,,,,,,,,,,,,
AOF132,36,302.54,,,,,,,,,,,,,,,,,,,,,,,
AOF132L,0,0,,,,,,,,,,,,,,,,,,,,,,,
,Subtotal,302.54,,,,,,,,,,,,,,,,,,,,,,,
,95% processing charges,287.41,,,,,,,,,,,,,,,,,,,,,,,
,,,,,,,,,,,,,,,,,,,,,,,,,
,,,,,,,,,,,,,,,,,,,,,,,,,
,Conversion to USD,228.47,,,,,,,,,,,,,,,,,,,,,,,
,30% Reserve,68.54,,,,,,,,,,,,,,,,,,,,,,,
,Balance forward,159.93,,,,,,,,,,,,,,,,,,,,,,,
,,,,,,,,,,,,,,,,,,,,,,,,,
,Prev. Reserve,51.41,,,,,,,,,,,,,,,,,,,,,,,
,,,,,,,,,,,,,,,,,,,,,,,,,
,DIGITAL,376.67,,,,,,,,,,,,,,,,,,,,,,,
,Bandcamp: moved to ATWD statement,0.00,,,,,,,,,,,,,,,,,,,,,,,
,,,,,,,,,,,,,,,,,,,,,,,,,
,SUBTOTAL,588.01,,,,,,,,,,,,,,,,,,,,,,,
,50% PROFIT,294.00,,,,,,,,,,,,,,,,,,,,,,,
,,,,,,,,,,,,,,,,,,,,,,,,,
,Stitches & Coverups Digital:,119.85,,,,,,,,,,,,,,,,,,,,,,,
,Stitches & Coverups Bandcamp:,0,,,,,,,,,,,,,,,,,,,,,,,
,TOTAL @ 50%,59.93,,,,,,,,,,,,,,,,,,,,,,,
,,,,,,,,,,,,,,,,,,,,,,,,,
,GRAND TOTAL,353.93,,,,,,,,,,,,,,,,,,,,,,,


Cat #,AOF132,,,,,,,,,,,,,,,,,,,,,,,,
Artist:,Dead When I Found Her,,,,,,,,,,,,,,,,,,,,,,,,
Title:,Rag Doll Blues,,,,,,,,,,,,,,,,,,,,,,,,
Release Date:,10/9/12,,,,,,,,,,,,,,,,,,,,,,,,
Currency:,USD,,,,,,,,,,,,,,,,,,,,,,,,
,,,,,,,,,,,,,,,,,,,,,,,,,
,Units-Total,Rate-Total,,,,,,,,,,,,,,,,,,,,,,,
AOF132,1,5.77,,,,,,,,,,,,,,,,,,,,,,,
AOF132L,0,0,,,,,,,,,,,,,,,,,,,,,,,
,Subtotal,5.77,,,,,,,,,,,,,,,,,,,,,,,
,95% processing charges,5.48,,,,,,,,,,,,,,,,,,,,,,,
,,,,,,,,,,,,,,,,,,,,,,,,,
,,,,,,,,,,,,,,,,,,,,,,,,,
,Conversion to USD,4.13,,,,,,,,,,,,,,,,,,,,,,,
,30% Reserve,1.24,,,,,,,,,,,,,,,,,,,,,,,
,Balance forward,2.89,,,,,,,,,,,,,,,,,,,,,,,
,,,,,,,,,,,,,,,,,,,,,,,,,
,Prev. Reserve,68.54,,,,,,,,,,,,,,,,,,,,,,,
,,,,,,,,,,,,,,,,,,,,,,,,,
,DIGITAL,195.68,,,,,,,,,,,,,,,,,,,,,,,
,Bandcamp: moved to ATWD statement,0.00,,,,,,,,,,,,,,,,,,,,,,,
,,,,,,,,,,,,,,,,,,,,,,,,,
,SUBTOTAL,267.11,,,,,,,,,,,,,,,,,,,,,,,
,50% PROFIT,133.55,,,,,,,,,,,,,,,,,,,,,,,
,,,,,,,,,,,,,,,,,,,,,,,,,
,Stitches & Coverups Digital:,50.99,,,,,,,,,,,,,,,,,,,,,,,
,Stitches & Coverups Bandcamp:,0,,,,,,,,,,,,,,,,,,,,,,,
,TOTAL @ 50%,25.50,,,,,,,,,,,,,,,,,,,,,,,
,,,,,,,,,,,,,,,,,,,,,,,,,
,GRAND TOTAL,159.05,,,,,,,,,,,,,,,,,,,,,,,
